VLAN 20,VLAN 40,VLAN 50,VLAN 70,VLAN 80,VLAN 90,VLAN 100
0000aa-f9829a,001ec1-beff81,001ec1-beff81,001ec1-beff81,001ec1-beff81,000463-5bfe63,001dba-0f9808
000bab-66db2e,3c0754-7e1579,002269-0c9be9,00908f-083d28,,001ec1-beff81,001dba-13b9f5
000bab-78097f,3c4a92-bd4dfc,086698-0a7fa8,00e0bb-286dea,,,001dba-13b9f6 
001ec1-beff81,3c4a92-bd4e2a,087402-2ad102,00e0bb-286e93,,,001dba-13b9f7 
005056-9c4b99,3c4a92-bd4eef,1040f3-a1667c,00e0bb-286e97,,,001dba-13b9f8 
3c0754-7dd8e2,3c4a92-bd4f15,1040f3-a16d98,00e0bb-286ea6,,,001dba-13ba04
3c4a92-406c6f,3c4a92-bd4f3d,1040f3-a18cd0,00e0bb-286ea7,,,001dba-13ba0a
3c4a92-bd4c4f,3c4a92-bd4fdf,1040f3-a198ae,00e0bb-286ee1,,,001ec1-beff81
3c4a92-bd4d60,3c4a92-bd50b6,1040f3-a198d6,00e0bb-286f01,,,001ec9-ee5023
3c4a92-bd4da5,3c4a92-bd52c0,1040f3-a1a29e,,,,0024be-1829c4
3c4a92-bd4f16,3c4a92-bd52c2,1040f3-a270c8,,,,0024be-182a70
3c4a92-bd51f7,3c4a92-bd52c3,1040f3-a2712c,,,,0024be-182bac
3c4a92-bd52ba,3c4a92-bd52c5,1040f3-a298f4,,,,0024be-182cad
3c4a92-bd52f5,3c4a92-bd52cd,1040f3-a2aad0,,,,0024e8-31c003
3c4a92-bd5306,3c4a92-bd52dc,1040f3-a80648,,,,0024e8-31c005
3c4a92-be3ec7,3c4a92-bd52fc,1040f3-a80ac8,,,,0050f9-009261
3c4a92-be5b57,3c4a92-bd5308,1040f3-a821ac,,,,0050f9-009263
3c4a92-be5e93,3c4a92-bd5317,1040f3-a83114,,,,0050f9-009269
8c2daa-3c1237,3c4a92-be3ebe,1040f3-a88988,,,,
8c2daa-478919,3c4a92-be3ee2,10a5d0-ecb603,,,,
a82066-057806,3c4a92-be578f,20c9d0-323e32,,,,
a82066-05b86a,3c4a92-be5d56,20c9d0-323e9a,,,,
c06394-a14c3c,3c4a92-be5e7d,20c9d0-32408b,,,,
,3c4a92-be631f,20c9d0-32445f,,,,
,54ee75-4493a3,20c9d0-32a78f,,,,
,c82a14-4de804,20c9d0-332619,,,,
,,285aeb-063037,,,,
,,286aba-e784fc,,,,
,,286aba-e7c297,,,,
,,286aba-e7cdd4,,,,
,,286aba-ee6314,,,,
,,286aba-eedb4a,,,,
,,286aba-eedd18,,,,
,,286aba-eee768,,,,
,,286aba-eee8fd,,,,
,,286aba-eee921,,,,
,,286aba-eee987,,,,
,,5cc5d4-ee60b5,,,,
,,5cc5d4-f33491,,,,
,,68a3c4-1ad59d,,,,
,,68a86d-21c904,,,,
,,68a86d-47b0be,,,,
,,68a86d-4916ce,,,,
,,68a86d-49212e,,,,
,,68a86d-4d606e,,,,
,,68a86d-4d6714,,,,
,,68a86d-4d697e,,,,
,,68dbca-841658,,,,
,,7014a6-4589ed,,,,
,,7014a6-4e30c3,,,,
,,7081eb-913b78,,,,
,,748114-9c2ee7,,,,
,,7c6d62-dd4ec2,,,,
,,7cc3a1-b66ba0,,,,
,,80006e-d0f52a,,,,
,,885395-473385,,,,
,,8c0c90-00a9d0,,,,
,,8c0c90-041860,,,,
,,8c0c90-041d10,,,,
,,8c0c90-041f90,,,,
,,8c0c90-0420f0,,,,
,,8c0c90-0421f0,,,,
,,8c0c90-042240,,,,
,,8c0c90-042290,,,,
,,8c0c90-047de0,,,,
,,8c0c90-0483c0,,,,
,,8c0c90-048480,,,,
,,8c0c90-048720,,,,
,,8c0c90-0487c0,,,,
,,8c0c90-04d610,,,,
,,8c0c90-04dc90,,,,
,,8c0c90-04e0b0,,,,
,,8c0c90-064e40,,,,
,,8c0c90-064e50,,,,
,,8c0c90-064e70,,,,
,,8c0c90-065080,,,,
,,8c0c90-065170,,,,
,,8c0c90-06ace0,,,,
,,8c0c90-06ad10,,,,
,,8c0c90-070ff0,,,,
,,8c0c90-07c1a0,,,,
,,8c2daa-2fc125,,,,
,,8c2daa-2fc80f,,,,
,,8c2daa-3bccc9,,,,
,,8c2daa-3bdda5,,,,
,,8c2daa-3bea7d,,,,
,,8c2daa-3c0e8b,,,,
,,8c2daa-3c15e3,,,,
,,8c2daa-3c2011,,,,
,,8c2daa-3c2017,,,,
,,8c2daa-3c22c9,,,,
,,8c2daa-3c299f,,,,
,,8c2daa-3c2ea7,,,,
,,8c2daa-3cac6f,,,,
,,8c2daa-40ce4b,,,,
,,8c2daa-40dca9,,,,
,,8c2daa-40dcc9,,,,
,,8c2daa-40dce7,,,,
,,8c2daa-40f281,,,,
,,8c2daa-40f995,,,,
,,8c2daa-410d2f,,,,
,,8c2daa-4127b1,,,,
,,8c2daa-4131e7,,,,
,,8c2daa-41657f,,,,
,,8c2daa-4178a1,,,,
,,8c2daa-417ecd,,,,
,,8c2daa-418423,,,,
,,8c2daa-419581,,,,
,,8c2daa-4195b3,,,,
,,8c2daa-41ac77,,,,
,,8c2daa-41b153,,,,
,,8c2daa-41b31f,,,,
,,8c2daa-41b74d,,,,
,,8c2daa-41b871,,,,
,,8c2daa-41b87b,,,,
,,8c2daa-41e645,,,,
,,8c2daa-41e669,,,,
,,8c2daa-41f16f,,,,
,,8c2daa-420553,,,,
,,8c2daa-42059b,,,,
,,8c2daa-4205ab,,,,
,,8c2daa-424feb,,,,
,,8c2daa-425189,,,,
,,8c2daa-4260f5,,,,
,,8c2daa-426583 ,,,,
,,8c2daa-428e59,,,,
,,8c2daa-42929b,,,,
,,8c2daa-42afbf,,,,
,,8c2daa-42d00d,,,,
,,8c2daa-42d0c7,,,,
,,8c2daa-42d23d,,,,
,,8c2daa-477153 ,,,,
,,8c2daa-477d3b,,,,
,,8c2daa-477fb5,,,,
,,8c2daa-478301,,,,
,,8c2daa-4786b3,,,,
,,8c2daa-47891d,,,,
,,8c2daa-bed6fc,,,,
,,8c2daa-c09705,,,,
,,8c2daa-c15180,,,,
,,8c2daa-c1822e,,,,
,,8c2daa-c182f1,,,,
,,8c2daa-c20bc6,,,,
,,8c2daa-c22fe6,,,,
,,8c2daa-c22ff2,,,,
,,8c2daa-c27d35,,,,
,,8c2daa-c28c17,,,,
,,8c2daa-c28d17,,,,
,,8c2daa-c4028b,,,,
,,8c2daa-c52ab5,,,,
,,8c2daa-c5301f,,,,
,,90b21f-3f7ed7,,,,
,,90b21f-3f7eda,,,,
,,94e96a-c1ae39,,,,
,,9cfc01-523142,,,,
,,a4b805-de5db3,,,,
,,a886dd-b5a26f,,,,
,,a886dd-b5b490,,,,
,,a886dd-b5d443,,,,
,,a886dd-b5f60f,,,,
,,a886dd-b6162e,,,,
,,a886dd-b66b65,,,,
,,a886dd-b67835,,,,
,,a886dd-b6a763,,,,
,,a886dd-b6ab53,,,,
,,a886dd-b6b653,,,,
,,a886dd-b73f43,,,,
,,a886dd-b74195,,,,
,,a886dd-b752e1,,,,
,,a886dd-b753bf,,,,
,,a886dd-b783d4,,,,
,,a886dd-b7c8d7,,,,
,,a886dd-b88ebf,,,,
,,a886dd-b94991,,,,
,,a886dd-b99698,,,,
,,a886dd-b9b343,,,,
,,a886dd-b9b4e7,,,,
,,a886dd-ba0286,,,,
,,a886dd-ba1d14,,,,
,,a886dd-ba2596,,,,
,,a886dd-ba5fc0,,,,
,,a886dd-ba67d8,,,,
,,a886dd-ba6b7a,,,,
,,a886dd-ba77d8,,,,
,,a886dd-baedc7,,,,
,,a886dd-bc78da,,,,
,,a886dd-bcaeb7,,,,
,,a886dd-bcbbcb,,,,
,,a886dd-bcef22,,,,
,,a886dd-bd17ba,,,,
,,a886dd-bd208a,,,,
,,a886dd-be5cc1,,,,
,,a886dd-be6cc9,,,,
,,a886dd-bebde7,,,,
,,a886dd-bf7021,,,,
,,a886dd-bf7622,,,,
,,a886dd-bf7cd1,,,,
,,a886dd-c114a3,,,,
,,a886dd-c21fd9,,,,
,,b03495-9bea16,,,,
,,bc4cc4-baf89b,,,,
,,c01ada-841ddd,,,,
,,c06394-a14c3c,,,,
,,c42c03-d5b38e,,,,
,,c8bcc8-092a1b,,,,
,,c8bcc8-0ae7ef,,,,
,,c8bcc8-0be785,,,,
,,c8bcc8-1e6d20,,,,
,,c8bcc8-20db0d,,,,
,,c8bcc8-39c1c2,,,,
,,c8bcc8-3b1363,,,,
,,c8bcc8-3b4cab,,,,
,,c8bcc8-3ea9d8,,,,
,,c8bcc8-414648,,,,
,,c8bcc8-42494d,,,,
,,c8bcc8-480a4d,,,,
,,cc3a61-de2274,,,,
,,d8004d-eadcdc,,,,
,,d83062-68664b,,,,
,,f0dbe2-e1ed9e,,,,
,,f81654-084a2b,,,,
,,f81654-286040,,,,
,,f81654-28c5ad,,,,
,,fcc2de-7df911,,,,
,,  a886ddbfb037,,,,
,,  a886ddbfb0d0,,,,
,,  a886ddbfd89e,,,,
,,  a886ddbfd93a,,,,
,,  a886ddc1ee74,,,,
,,  a886ddc22156,,,,
,,  a886ddc23a64,,,,
,,  ac7289180d30,,,,
,,  b034959bea16,,,,
,,  bc4cc4baf89b,,,,
,,  c8b5b77f03ed,,,,
,,  c8bcc83b1363,,,,
,,  c8bcc83ea9d8,,,,
,,  cc3a61de2274,,,,
,,  d059e4e2178b,,,,
,,  d8004deadcdc,,,,
,,  e0f8473718ca,,,,
,,  e892a49072d2,,,,
,,  f0dbe26f6654,,,,
,,8c:0c:90:04:20:f0,,,,
,,8c:0c:90:00:a9:d0,,,,
,,8c:0c:90:07:0f:f0,,,,
,,8c:0c:90:04:17:a0,,,,
,,8c:0c:90:04:21:f0,,,,
,,8c:0c:90:04:7d:80,,,,
,,8c:0c:90:04:85:a0,,,,
,,8c:0c:90:04:1d:10,,,,
,,8c:0c:90:04:e0:b0,,,,
,,8c:0c:90:04:7e:d0,,,,
,,8c:0c:90:04:87:20,,,,
,,8c:0c:90:06:50:80,,,,
,,8c:0c:90:04:df:50,,,,
,,8c:0c:90:06:4e:50,,,,
,,8c:0c:90:05:2c:20,,,,
,,8c:0c:90:04:7d:e0,,,,
,,8c:0c:90:06:ad:10,,,,
,,8c:0c:90:06:53:30,,,,
,,8c:0c:90:04:d6:10,,,,
,,8c:0c:90:04:1f:90,,,,
,,8c:0c:90:06:ac:e0,,,,
,,8c:0c:90:04:1d:50,,,,
,,8c:0c:90:04:84:80,,,,
,,8c:0c:90:04:22:40,,,,
,,8c:0c:90:04:87:c0,,,,
,,8c:0c:90:0a:51:30,,,,
,,8c:0c:90:0a:f4:00,,,,
,,8c:0c:90:04:7d:50,,,,
,,8c:0c:90:04:84:e0,,,,
,,8c:0c:90:04:1d:20,,,,
,,8c:0c:90:04:18:40,,,,
,,8c:0c:90:04:22:80,,,,
,,8c:0c:90:04:1f:80,,,,
,,8c:0c:90:04:84:20,,,,
,,8c:0c:90:04:dc:90,,,,
,,8c:0c:90:04:83:c0,,,,
,,8c:0c:90:07:c1:a0,,,,
,,8c:0c:90:04:18:60,,,,
,,8c:0c:90:06:51:70,,,,
,,8c:0c:90:04:22:90,,,,
,,8c:0c:90:06:4e:70,,,,
,,8c:0c:90:06:4e:40,,,,
,,2c:5d:93:07:f4:a0,,,,
,,8c:0c:90:04:20:f0,,,,
,,8c:0c:90:00:a9:d0,,,,
,,8c:0c:90:07:0f:f0,,,,
,,8c:0c:90:04:17:a0,,,,
,,8c:0c:90:04:21:f0,,,,
,,8c:0c:90:04:7d:80,,,,
,,8c:0c:90:04:85:a0,,,,
,,8c:0c:90:04:1d:10,,,,
,,8c:0c:90:04:e0:b0,,,,
,,8c:0c:90:04:7e:d0,,,,
,,8c:0c:90:04:87:20,,,,
,,8c:0c:90:06:50:80,,,,
,,8c:0c:90:04:df:50,,,,
,,8c:0c:90:06:4e:50,,,,
,,8c:0c:90:05:2c:20,,,,
,,8c:0c:90:04:7d:e0,,,,
,,8c:0c:90:06:ad:10,,,,
,,8c:0c:90:06:53:30,,,,
,,8c:0c:90:04:d6:10,,,,
,,8c:0c:90:04:1f:90,,,,
,,8c:0c:90:06:ac:e0,,,,
,,8c:0c:90:04:1d:50,,,,
,,8c:0c:90:04:84:80,,,,
,,8c:0c:90:04:22:40,,,,
,,8c:0c:90:04:87:c0,,,,
,,8c:0c:90:0a:51:30,,,,
,,8c:0c:90:0a:f4:00,,,,
,,8c:0c:90:04:7d:50,,,,
,,8c:0c:90:04:84:e0,,,,
,,8c:0c:90:04:1d:20,,,,
,,8c:0c:90:04:18:40,,,,
,,8c:0c:90:04:22:80,,,,
,,8c:0c:90:04:1f:80,,,,
,,8c:0c:90:04:84:20,,,,
,,8c:0c:90:04:dc:90,,,,
,,8c:0c:90:04:83:c0,,,,
,,8c:0c:90:07:c1:a0,,,,
,,8c:0c:90:04:18:60,,,,
,,8c:0c:90:06:51:70,,,,
,,8c:0c:90:04:22:90,,,,
,,8c:0c:90:06:4e:70,,,,
,,8c:0c:90:06:4e:40,,,,
,,2c:5d:93:07:f4:a0,,,,
